6/9/2021 @ 9:06 AM,,,,
Page: 1,,,,
*LISTA DE INVENTARIO S/C,,,,
LISTA DE PRECIOS,,,,
Sort: Desc1|Attr|Size|Item#,,,,
Filter:,,,,
,,,,
Item#,ALU,Size,Attr,
,,,,
,,,,
444,,,,
703,,,,
2380,,,,
4017,MANECILLA UNIVERSAL,,,
4249,,,,
4918,,,,
6254,,,,
2481,MESC BIDET LF,MEIJIE,860911CP,
3584,NIPLE 3/8,5,BRASS,
3595,NIPLE 3/8,2 1/2,BRASS,
2375,,2,ROSCA,
1407,,"4""",S/STEEL,
2287,ABRASADERA INCORP,4 1/2,,
2544,ABRASADERA MANGA,"4""",,
36,ABRASADERA MANGA,5/8,44230,
52,ABRASADERA MANGA,1,44231,
35,ABRASADERA MANGA,1/2,44231,
53,ABRASADERA MANGA,5/8-7/8,44234,
37,ABRASADERA MANGA,3/4,44235,
38,ABRASADERA MANGA,11/4,44236,
6309,ABRASADERA MANGA (5),"1 3/4""",44238,
6342,ABRASADERA MANGA (5),"2""",44239,
6308,ABRASADERA MANGA (5),"1 1/2""",AB-16,
6355,ABRASADERA MANGA (5),"2 1/2""",AB-32,
4931,ABRASADERA MANGA,3,AB-40,
6393,ABRASADERA MANGA (5),"4""",AB-56,
6394,ABRASADERA MANGA (5),"6""",AB-88,
6303,ABRASADERA MANGA,"2""",M-24 AB,
30,ACEITE 3-1,3 OZ,10035,
66,ACEITE LAMPARA,20 OZ,,
4906,ACEITE LAMPARA,32 OZ,COLORES,
3478,ACEITE LUBRICANTE GR,,LM-1,
1350,ACEITE WD-40,8 OZ,52008,
32,ACEITE WD-40,9.6 OZ,52028,
1352,ACEITERA 10 OZ,ACEF-300,14872,
10,ACS BANO LUJO,VENUS,CROMO,
9,ACS BANO METAL TW,5 PCS,2CCS006,
25,ACS BANO PLAST TW,5 PCS,P1116P,
1328,AD DISCO PULIR 5/8 D,ADT275/8,10542,
1327,AD DISCO PULIR 5/8 F,ADC5/8,10540,
5655,"AD H MANGA 1/4"" PRES",TIPE6,19088,
5030,AD MANGA BRCE HEM-MA,"3/4""",12708,
5040,AD MANGA BRCE HEM-MA,"5/8""",12706,
1806,AD MANGA HEMBRA,3/4,01F,
1805,AD MANGA HEMBRA,1/2,05F,
271,AD MANGA HEMBRA BR,1/2,12700,
1154,AD MANGA HEMBRA BR,5/8,CF-5/8B,
108,AD MANGA HEMBRA SURT,1/2,130377,
109,AD MANGA HEMBRA SURT,5/8-3/4,130380,
111,AD MANGA HEMBRA TW,1/2,R817A,
4393,AD MANGA HEMBRA TW,5/8,R817C,
1804,AD MANGA MACHO,3/4,01M,
1803,AD MANGA MACHO,1/2,O5M,
317,AD MANGA MACHO BR,1/2,12702,
5031,AD MANGA MACHO BR,5/8,CM-5/8B,
110,AD MANGA MACHO SURTE,1/2,130376,
148,AD MANGA MACHO SURTE,5/8-3/4,130379,
112,AD MANGA MACHO TW,1/2,R816A,
4392,AD MANGA MACHO TW,5/8,R816C,
1322,AD MOTOR,1/2,410-C,
1323,AD MOTOR,5/8,411-c,
3489,AEREATOR MESCLADORA,HEMBRA,R111P,
8000,AJUSTE,,,
50,ALAMBRE GALV,.50 QQ,12/2 LB,
56,ALAMBRE GALV,QQ,12/5 LB,
19,ALAMBRE GALV,2LB,16,
20,ALAMBRE GALV,5LB,16,
29,ALAMBRE GALV CAJA,40 LB/CJ,16/2 LB,
1177,ALAMBRE GATA 2LB,4.5,40LB/CJ,
1180,ALAMBRE GATA 4 1/2,"5,000 AM",,
1178,ALAMBRE GATA 5LB,4.5,20LB/BAG,
11,ALAMBRE MACHETE,,,
51,ALAMBRE QUEMADO,20R-3LB,,
59,ALDABA,"2""",CD,
60,ALDABA,"3""",CD,
63,ALDABA,"4""",CD,
7,ALICATE C/AZULEJOS,,,
5338,ALICATE ELECT FOY,8,142042,
4257,ALICATE ELECT FOYD,9,142043,
5270,ALICATE ELECT MEX,9,WF0829,
24,ALICATE ELECT SURTEK,7,967V,
3990,ALICATE ELECT TRUPER,"7""",17303,
1846,ALICATE ELECT TRUPER,"8""",17304,
3975,ALICATE ELECT TRUPER,9'',17305,
3991,ALICATE ELECT TRUPER,"6""",17306,
5277,ALICATE ELECT TRUPER,8,17308,
3992,ALICATE ELECT TRUPER,"9""",17328,
1848,ALICATE ELECT TRUPER,"8""",17330,
18,ALICATE JAULA,,TW,
23,ALICATE JAULA HD,,ESQUINA,
21,ALICATE JAULA HD,,TW,
214,ALICATE MEC TOLSEN,"6""",10311,
215,ALICATE MEC TOLSEN,"8""",10313,
5274,ALICATE MECANICO,6,TW,
5,ALICATE MECANICO,8,TW,
5653,"ALICATE MECANICO 10""",PCH10,17302,
5281,"ALICATE MECANICO 6""",PCH6,17300,
5283,"ALICATE MECANICO 8""",PCH8,17301,
5275,ALICATE MECANICO FOY,10,PM10,
213,ALICATE P/LORO,"8""",17350,
199,ALICATE P/LORO,"10 """,PEX-10,
200,ALICATE P/LORO,"12 """,PEX-12,
44,ALICATE PELAR CABLE,PECA6,17356,
48,ALICATE PELAR CABLE,AUTOMATI,17376,
45,ALICATE PELAR CABLE,10,SURTEK,
6,ALICATE PLOMERO 8'',PCH8X,13065,
1978,"ALICATE PREION 8"" TE",PPP8R,17425,
1921,ALICATE PRESION,"4""",17419,
1923,ALICATE PRESION,"5""",17420,
1926,ALICATE PRESION,"7""",17421,
1927,ALICATE PRESION,"10""",17423,
1961,ALICATE PRESION,11'',17427,
1928,ALICATE PRESION,"11""",17429,
1929,ALICATE PRESION,"12""",17429,
5063,ALICATE PRESION,7,84-368,
1885,ALICATE PRESION,10,84-369,
1847,ALICATE PRESION,"10""",PPT-10R,
1870,ALICATE PRESION,"7""",PPT-7R,
5210,ALICATE PRESION 2 PC,DUOPPT,17447,
5217,ALICATE PRESION 3 PC,SURTEK,115085,
5219,ALICATE PRESION C/MA,"10""",115095,
5234,ALICATE PRESION CURV,10'',115082,
5065,ALICATE PRESION LARG,"6""",17432,
5067,ALICATE PRESION LARG,"9""",17433,
5068,ALICATE PRESION LARG,"4""",17434,
5221,ALICATE PRESION RECT,10'',115096,
5222,ALICATE PRESION SARG,11'',115089,
5077,ALICATE PRESION SARG,"4""",17467,
5078,ALICATE PRESION SARG,"6""",17468,
5079,ALICATE PRESION SARG,"8""",17469,
1873,ALICATE PRESION SOLD,9 FOY,115087,
54,ALICATE PRESION SURT,"10""",115082,
1890,ALICATE PRESION T/C,"6""",17413,
1916,ALICATE PRESION T/C,"9""",17414,
1917,ALICATE PRESION T/C,"18""",17415,
4815,AMARRAS CARPAS,"6""",,
4816,AMARRAS CARPAS,"9""",,
4812,AMOLADOR CUCHILLO,AFICUX,15147,
4811,AMOLADOR CUCHILLO,PLAST,4945-14,
4204,ANCLAJE MADERA (10),,66L,
4194,ANCLAJE MADERA (25),,A33,
4259,ANCLAJE MADERA  (50),,RR,
4208,ANCLAJE MADERA (10),,66T,
4203,ANCLAJE MADERA (10),,A66,
4234,ANCLAJE MADERA (100),,A34,
4253,ANCLAJE MADERA (100),,FB24Z,
4193,ANCLAJE MADERA (100),,GA1,
4185,ANCLAJE MADERA (100),6,H2.5A,
4258,ANCLAJE MADERA (100),,H2.5T,
4180,ANCLAJE MADERA (100),2 X 4,LU24,
4181,ANCLAJE MADERA (100),2 X 6,LU26,
4190,ANCLAJE MADERA (100),INT-EXT,LUS24Z,
4191,ANCLAJE MADERA (100),INT-EXT,LUS26Z,
4192,ANCLAJE MADERA (100),INT-EXT,LUS28Z,
4236,ANCLAJE MADERA (12),,RPBZ,
4209,ANCLAJE MADERA (200),,A21Z,
4210,ANCLAJE MADERA (200),,A23Z,
4195,ANCLAJE MADERA (25),,A44,
4184,ANCLAJE MADERA (100),,A35Z,
4182,ANCLAJE MADERA (20),,ABA44Z,
4189,ANCLAJE MADERA (50),INT,BC40Z,
6192,ANCLAJE MADERA (100),,BC4Z,
4183,ANCLAJE MADERA (100),,H1,
4186,ANCLAJE MADERA (100),45/8,H3,
4187,ANCLAJE MADERA (100),2 X 8,LU28,
4254,ANCLAJE MADERA (50),,RTA2Z,
2294,ANG PERF 11/2X11/2,10',DX003A,
2295,ANG PERF 11/2X21/4,10',DX004A,
6181,ANTORCHA AMERIFLAME,,HT29,
6027,ANTORCHA AMERIFLAME,AUTO,HT89,
6407,ANTORCHA AMERIFLAME,C/MANGA,JTH7,
6488,ANTORCHA C/MANGA,SOP200,16920,
6489,ANTORCHA TRUPER,MECHPR,18257,
5591,ANZUELO PESCA 1/10,8 1/2,7691DT,
5592,ANZUELO PESCA 1/10,9 1/2,7691DT,
5590,ANZUELO PESCA 10/100,7,2330DT,
5393,ANZUELO PESCA 10/100,8,2330DT,
5394,ANZUELO PESCA 10/100,9,2330DT,
5395,ANZUELO PESCA 10/100,10,2330DT,
5396,ANZUELO PESCA 10/100,11,2330DT,
5397,ANZUELO PESCA 10/100,12,2330DT,
5398,ANZUELO PESCA 10/100,14,2330DT,
5399,ANZUELO PESCA 10/100,16,2330DT,
5400,ANZUELO PESCA 10/100,18,2330DT,
5401,ANZUELO PESCA 10/100,20,2330DT,
5422,ANZUELO PESCA 10/100,1,3407DT,
5421,ANZUELO PESCA 10/100,2,3407DT,
5410,ANZUELO PESCA 10/100,4,3407DT,
5411,ANZUELO PESCA 10/100,6,3407DT,
5412,ANZUELO PESCA 10/100,1 1/2,3407SSD,
5413,ANZUELO PESCA 10/100,2 1/2,3407SSD,
5424,ANZUELO PESCA 10/100,3 1/2,3407SSD,
5425,ANZUELO PESCA 10/100,4 1/2,3407SSD,
5426,ANZUELO PESCA 10/100,5 1/2,3407SSD,
5427,ANZUELO PESCA 10/25,1,3561ED,
5428,ANZUELO PESCA 10/25,2,3561ED,
5429,ANZUELO PESCA 10/25,4,3561ED,
5430,ANZUELO PESCA 10/25,6,3561ED,
5431,ANZUELO PESCA 10/25,1 1/2,3561ED,
5432,ANZUELO PESCA 10/25,3 1/2,3561ED,
5402,ANZUELO PESCA 10/50,1,34007,
5403,ANZUELO PESCA 10/50,2,34007,
5423,ANZUELO PESCA 10/50,4,34007,
5404,ANZUELO PESCA 10/50,6,34007,
5405,ANZUELO PESCA 10/50,8,34007,
5406,ANZUELO PESCA 10/50,10/50-1/0,34007,
5407,ANZUELO PESCA 10/50,10/50-2/0,34007,
5408,ANZUELO PESCA 10/50,10/50-3/0,34007,
5409,ANZUELO PESCA 10/50,10/50-4/0,34007,
5481,ANZUELO PESCA 10/50,10/50-5/0,34007,
5433,ANZUELO PESCA 4/25,4/25-8/0,39960D,
5434,ANZUELO PESCA 4/25,4/25-9/0,39960D,
5435,ANZUELO PESCA 4/25,4/25-10/0,39960D,
5593,ANZUELO PESCA 1/10,1/10-10/0,7691DT,
4557,ARANDELA CORRUGADA,,,
4555,ARANDELA PLANA,5/8,13 PC,
4550,ARANDELA PLANA,1/4,150 PC,
4554,ARANDELA PLANA,1/2,26 PC,
106,ARANDELA PLANA,3/16,361 PC,
4596,ARANDELA PLANA,7/16,41 PC,
4561,ARANDELA PLANA,1,5 PC,
4569,ARANDELA PLANA,7/8,6 PC,
4556,ARANDELA PLANA,3/8,67 PC,
4552,ARANDELA PLANA,5/16,87 PC,
4525,ARANDELA PLANA,3/4,9 PC,
103,ARANDELA PRESION,1/2,,
100,ARANDELA PRESION,1/4,,
105,ARANDELA PRESION,3/4,,
102,ARANDELA PRESION,3/8,,
104,ARANDELA PRESION,5/8,,
314,ARANDELA PRESION,3/16,,
101,ARANDELA PRESION,5/16,,
107,ARANDELA PRESION,7/16,,
3890,ARGOLLA LLAVERO,,,
4070,ARNES 5 ANILLOS COMP,ARN5438,14434,
7998,ARTICULO ESPECIAL,,,
58,ASIENTO GERBER,,DA005,
12,ASIENTO PP DUCHA,,DA003,
14,ASIENTO PP LAV,,DA004,
15,ASIENTO SAYCO DUCHA,,,
16,ASIENTO SAYCO LAV,,DA002,
13,ASIENTO STERLING,,DA006,
5568,AUTOMATIC PUMP CONTR,,,
4453,AVELLANADOR,1/2,16634,
4454,AVELLANADOR,5/8,16636,
4830,AVELLANADOR,1/2,16643,
4071,AVELLANADOR,1/2,4140,
4078,AVELLANADOR,5/8,4142,
1618,AVELLANADOR,,FT3C,
1869,AVELLANADOR,,JAV-7,
4412,AVELLANADOR MADERA,5/8,361-5/8C,
4650,AVELLANADOR MADERA,1/2,361-C,
4653,AVELLANADOR MADERA,3/4,362-C,
4692,AVELLANADOR MADERA,1/2,CS12,
5570,AVELLANADOR MADERA,3/4,CS34,
4638,AVELLANADOR MADERA,3/8,CS38,
4655,AVELLANADOR MADERA,5/8,CS58,
4770,AVELLANADOR MARTILLO,1,,
4772,AVELLANADOR MARTILLO,2,,
4771,AVELLANADOR MARTILLO,1/2,,
4773,AVELLANADOR MARTILLO,3/4,,
4774,AVELLANADOR S. EGO,,,
27,AZADA,,255-B,
299,AZADA,,255-C,
55,AZADA CHINA GARDEX,2LB,H318,
6631,AZADA CON CABO,AM2MA,10898,
6632,AZADA CON CABO,AM2M,10899,
6576,AZADA CON CABO,TRAMONTI,206/654,
6565,AZADA CON CABO,TRUPER,AL-2M,
393,AZADA JARDIN,,151564,
4280,AZADA JARDIN,,ATJ,
4996,AZADA JARDIN IMACASA,,,
4993,AZADA JARDIN SURTEK,FOY,,
6637,AZADA SIN CABO,AL-1,10603,
6638,AZADA SIN CABO,AL-2,10606,
57,AZADON GARDEX,03LB,GXH-450,
300,AZADON CON CABO,GARDEX,,
31,AZADON CON CABO,TRAMONTI,7260/754,
28,AZADON GARDEX,GRANDE,GA 4988,
6592,AZADON SIN CABO,,IMACASA,
785,BALANZA COLGANTE,22 LB,17087,
784,BALAS PISTOLAS,0.27 CAL,ROJA,
5514,BANDEJA ECONOMICA,,PLASTICA,
307,BANDEJA PLASTIC J D,,NEGRA,
5506,BANDEJA PLASTICA,,BRAZIL,
388,"BANDEJA PLASTICA 4""",,RM 100,
306,BANDEJA PLASTICA H/D,RM 403,,
2527,BARRA FUERZA BELLOTA,6',1.75M,
3644,BARRA FUERZA GARDEX,5',14LB,
4086,BARRA FUERZA GARDEX,6 ',17 LBS,
1986,BARRA FUERZA IMACAS,5 PIES,,
2001,BARRA FUERZA IMACAS,6 PIES,,
276,BARRA FUERZA TRUPER,5',BAP150E,
1838,BARRA FUERZA TRUPER,6',BAP175,
5561,BARRA IMPEDIDO,36,1 1/2,
3787,BARRA IMPEDIDO,"12""",1 1/2,
3168,BARRA IMPEDIDO,"18""",1 1/2,
2676,BARRA IMPEDIDO,"24""",1 1/2,
2677,BARRA IMPEDIDO,"30""",1 1/2,
3808,BARRA IMPEDIDO,"42""",1 1/2,
165,BARRA UNA 3/4,36,BELLOTA,
158,BARRA UNA 3/4,24,BROWN,
161,BARRA UNA 3/4,24,BELLOTA,
164,BARRA UNA 3/4,30,BELLOTA,
160,BARRA UNA 3/4,36,BROWN,
4270,BARRA UNA 3/4,18,BU45,
4271,BARRA UNA 3/4,24,BU60,
4272,BARRA UNA 3/4,30,BU75,
4273,BARRA UNA 3/4,35,BU90,
159,BARRA UNA 3/4,30,CHINA,
4284,BARRA UNA 3/4 SURTEK,24,BU60,
4286,BARRA UNA 3/4 SURTEK,30,BU75,
4287,BARRA UNA 3/4 SURTEK,36,BU90,
4279,BARRA UNA 5/8 SURTEK,18,BU45,
5303,BARRENA CEMENTO,7/32,,
5304,BARRENA CEMENTO,9/32,,
144,BARRENA CEMENTO 1,6,,
274,BARRENA CEMENTO 1,12,,
138,BARRENA CEMENTO 1/2,4,,
139,BARRENA CEMENTO 1/2,6,,
140,BARRENA CEMENTO 1/2,12,,
128,BARRENA CEMENTO 1/4,4,,
129,BARRENA CEMENTO 1/4,6,,
130,BARRENA CEMENTO 1/4,12,,
126,BARRENA CEMENTO 1/8,3,,
127,BARRENA CEMENTO 3/16,4,,
131,BARRENA CEMENTO 3/16,6,,
143,BARRENA CEMENTO 3/4,6,,
145,BARRENA CEMENTO 3/4,12,,
135,BARRENA CEMENTO 3/8,4,,
136,BARRENA CEMENTO 3/8,6,,
137,BARRENA CEMENTO 3/8,12,,
132,BARRENA CEMENTO 5/16,4,,
133,BARRENA CEMENTO 5/16,6,,
134,BARRENA CEMENTO 5/16,12,,
4056,BARRENA CEMENTO 5/8,4,,
141,BARRENA CEMENTO 5/8,6,,
142,BARRENA CEMENTO 5/8,12,,
5305,BARRENA CEMENTO 5/8,16,,
147,BARRENA CEMENTO 7/16,6,,
146,BARRENA CEMENTO 7/8,6,,
179,BARRENA CEMENTO 7/8,12,,
4057,BARRENA CEMENTO 9/16,6,,
5583,BARRENA CEMENTO SDS,5/16X6,,
5535,BARRENA CEMENTO SDS,1/4 X 6,,
5536,BARRENA CEMENTO SDS,3/8 X 6,,
5581,BARRENA CEMENTO SDS,"1/2 X 6""",,
5534,BARRENA CEMENTO SDS,3/16 X 6,,
5533,BARRENA CEMENTO SDS,5/32 X 6,,
6436,BARRENA CERAMICA,1/4,BVI-1/4,
6432,BARRENA CERAMICA,1/8,BVI-1/8,
6433,BARRENA CERAMICA,3/16,BVI-3/16,
2005,BARRENA CONTAP 3/16,4  1/2,,
284,BARRENA CONTAP 3/16,5  1/2,,
3475,BARRENA CONTAP 5/32,4  1/2,,
273,BARRENA CONTAP 5/32,5  1/2,,
123,BARRENA HSS,1/4,,
116,BARRENA HSS,1/8,,
5191,BARRENA HSS,3/8,,
113,BARRENA HSS,1/16,,
5294,BARRENA HSS,1/64,,
121,BARRENA HSS,3/16,,
115,BARRENA HSS,3/32,,
5296,BARRENA HSS,3/64,,
239,BARRENA HSS,5/16,,
119,BARRENA HSS,5/32,,
117,BARRENA HSS,5/64,,
153,BARRENA HSS,7/32,,
114,BARRENA HSS,7/64,,
237,BARRENA HSS,9/32,,
118,BARRENA HSS,9/64,,
241,BARRENA HSS,11/32,,
120,BARRENA HSS,11/64,,
321,BARRENA HSS,13/32,,
122,BARRENA HSS,13/64,,
245,BARRENA HSS,15/32,,
374,BARRENA HSS,15/64,,
236,BARRENA HSS,17/64,,
238,BARRENA HSS,19/64,,
240,BARRENA HSS,21/64,,
242,BARRENA HSS,23/64,,
243,BARRENA HSS,25/64,,
244,BARRENA HSS,27/64,,
248,BARRENA HSS,29/64,,
246,BARRENA HSS,31/64,,
4758,BARRENA HSS,1/2,CARDET,
4756,BARRENA HSS,1/4,CARDET,
4751,BARRENA HSS,1/8,CARDET,
249,BARRENA HSS,3/8,CARDET,
4755,BARRENA HSS,3/16,CARDET,
4757,BARRENA HSS,5/16,CARDET,
4753,BARRENA HSS,5/32,CARDET,
5295,BARRENA HSS,7/64,CARDET,
4122,BARRENA HSS COBALTO,"1/4""",,
4116,BARRENA HSS COBALTO,"1/8""",,
4044,BARRENA HSS COBALTO,"3/8""",,
4035,BARRENA HSS COBALTO,"1/16""",,
4121,BARRENA HSS COBALTO,"3/16""",,
4037,BARRENA HSS COBALTO,"3/32""",,
5292,BARRENA HSS COBALTO,31/64,,
4042,BARRENA HSS COBALTO,"5/16""",,
4119,BARRENA HSS COBALTO,"5/32""",,
4036,BARRENA HSS COBALTO,"5/64""",,
4046,BARRENA HSS COBALTO,"7/16""",,
4039,BARRENA HSS COBALTO,"7/32""",,
4117,BARRENA HSS COBALTO,"7/64""",,
4118,BARRENA HSS COBALTO,"9/64""",,
4120,BARRENA HSS COBALTO,"11/64""",,
4038,BARRENA HSS COBALTO,"13/64""",,
4040,BARRENA HSS COBALTO,"15/64""",,
4041,BARRENA HSS COBALTO,"17/64""",,
4043,BARRENA HSS COBALTO,"21/64""",,
4045,BARRENA HSS COBALTO,"25/64""",,
4126,BARRENA HSS COBALTO,"1/2""",RED,
150,BARRENA HSS D/P,1/8,552-T,
1360,BARRENA HSS ESCALON,1/8-1/2,358-C,
1357,BARRENA HSS ESCALON,1/4-3/4,359-C,
4759,BARRENA HSS RED,15/32,,
4761,BARRENA HSS RED,27/64,,
4760,BARRENA HSS RED,29/64,,
125,BARRENA HSS RED,1/2,4-Jan,
247,BARRENA HSS RED,3/8,4-Jan,
124,BARRENA HSS RED,5/16,4-Jan,
953,BARRENA HSS RED,7/16,4-Jan,
997,BARRENA HSS RED,1/2,8-Mar,
4168,BARRENA HSS RED,5/8,RE 1/2,
5312,BARRENA HSS SET COBA,17 PC,JBAV17,
162,BARRENA HSS SET COBA,7 PC,JBAV7,
149,BARRENA HSS SET COBA,10 PC,JBVA10,
4961,BARRENA HSS TITANIUM,1/2,,
4957,BARRENA HSS TITANIUM,1/4,,
3933,BARRENA HSS TITANIUM,1/8,,
4959,BARRENA HSS TITANIUM,3/8,,
5329,BARRENA HSS TITANIUM,1/16,,
3934,BARRENA HSS TITANIUM,3/16,,
5327,BARRENA HSS TITANIUM,3/32,,
4958,BARRENA HSS TITANIUM,5/16,,
5325,BARRENA HSS TITANIUM,5/32,,
5330,BARRENA HSS TITANIUM,5/64,,
4128,BARRENA HSS TITANIUM,7/16,,
5331,BARRENA HSS TITANIUM,7/32,,
3993,BARRENA HSS TITANIUM,7/64,,
5328,BARRENA HSS TITANIUM,9/64,,
5324,BARRENA HSS TITANIUM,11/64,,
4127,BARRENA HSS TITANIUM,13/64,,
5333,BARRENA HSS TITANIUM,15/64,,
5349,BARRENA HSS TITANIUM,25/64,,
4513,BARRENA PALETA,1/4,14454,
4540,BARRENA PALETA,5/16,14455,
4541,BARRENA PALETA,3/8,14456,
4538,BARRENA PALETA,7/16,14457,
4545,BARRENA PALETA,9/16,14459,
4536,BARRENA PALETA,11/16,14461,
4566,BARRENA PALETA,13/16,14463,
4539,BARRENA PALETA,15/16,14465,
4514,BARRENA PALETA,1 3/8,14472,
4482,BARRENA PALETA,5/16,BPT5/1,
4483,BARRENA PALETA,1/2,BROWN,
4572,BARRENA PALETA,3/4,BROWN,
4484,BARRENA PALETA,5/8,BROWN,
4858,BARRENA PALETA,7/8,BROWN,
2785,BARRENA PALETA SWD,1,,
4849,BARRENA PALETA SWD,5/16,,
4855,BARRENA PALETA SWD,11/16,,
4860,BARRENA PALETA 2260,1,BROWN,
4864,BARRENA PALETA 2264,1 1/2,,
2782,BARRENA PALETA 27707,1/4,,
2784,BARRENA PALETA 27790,3/4,,
4634,BARRENA PALETA BOSH,3/8-16,DLSB1003,
4612,BARRENA PALETA BOSH,1/2-16,DLSB1005,
4477,BARRENA PALETA BOSH,5/8-16,DLSB1007,
4542,BARRENA PALETA BOSH,1/2,DSB1005,
4543,BARRENA PALETA BOSH,5/8,DSB1007,
4544,BARRENA PALETA BOSH,3/4,DSB1009,
4512,BARRENA PALETA BOSH,7/8,DSB1011,
4511,BARRENA PALETA BOSH,1,DSB1013,
4515,BARRENA PALETA BOSH,1 1/4,DSB1017,
4510,BARRENA PALETA BOSH,1 1/2,DSB1021,
4516,BARRENA PALETA BOSH,1 1/8,DSB41015,
4486,BARRENA PALETA GX,1,,
4852,BARRENA PALETA GX,1/2,,
4848,BARRENA PALETA GX,1/4,,
4856,BARRENA PALETA GX,3/4,,
4850,BARRENA PALETA GX,3/8,,
4854,BARRENA PALETA GX,5/8,,
4851,BARRENA PALETA GX,7/16,,
4532,BARRENA PALETA GX,1.5,,
4485,BARRENA PALETA GX,1.25,,
6060,BARRENA PALETA GX,1/2-16,,
6061,BARRENA PALETA GX,3/8-16,,
6313,BARRENA PALETA GX,5/8-16,,
163,BARRENA PALETA SET,13 PC,JBP13,
4859,BARRENA PALETA SWD,15/16,,
235,BASE PATA RECTA,,,
6079,BATERIA GP,D,,
6420,BATERIA GP,C,14AU-C2,
6304,BATERIA GP,AA,15AU-C2,
6306,BATERIA GP,9 VOLT,1604AU-C,
6305,BATERIA GP,AAA,24AU-C2,
6080,BATERIA GP 908G,6 VOLT,SPRING,
6212,BATERIA GP 918S,6 VOLT,TORNILLO,
259,BEJUCO PAJILLA,1000 PIE,,
261,BERBIQUI MANAUL,BC-12M,10970,
198,BISAGRA,5,,
190,BISAGRA,3,CD,
191,BISAGRA,4,CD,
192,BISAGRA,5,CD,
193,BISAGRA,6,CD,
189,BISAGRA,8,CD,
5118,BISAGRA H/D LISA CAR,"10""",T6100ZP,
5519,BISAGRA H/D LISA CAR,"12""",T6120ZP,
5116,BISAGRA H/D LISA CAR,"6""",T6560ZP,
5117,BISAGRA H/D LISA CAR,"8""",T6580ZP,
5369,BLANCO LLAVE KW1,,,
1361,BLANCO LLAVE M1,,,
5368,BLANCO LLAVE Y1,,,
2370,BLUE TAPE,1'',,
2514,BLUE TAPE,"3/4""",,
2322,BLUE TAPE,"2""",BT2,
2347,BLUE TAPE,1 1/2'',PT14,
319,BOLA DELTA BRONCE,SUELTA,,
5268,BOLA DELTA,,M/ACRI,
4059,BOLA DELTA  TW,,S/STEE,
318,BOLA DELTA BRONCE,CARDET,R1205,
323,BOLSA ARENA (250),,1-1130,
361,BOLSA BASURA,55 GAL,20 PC,
354,BOLSA CONSTRUCCION 2,42 GAL,20 PC,
364,BOLSA EMPAQUE,8X3X20,1000 PC,
362,BOLSA EMPAQUE,6.5X3X15,1000 PC,
483,BOMBA AGUA,1/2 H. P,QB-60,
486,BOMBA AGUA,3/4 H. P,QB-70,
487,BOMBA AGUA,1 H. P,QB-80,
424,BOMBA AGUA PROTOL,1 H. P.,,
439,BOMBA AGUA PROTOL,3/4 H. P,,
471,BOMBA AIRE BICI 23'',BOMTR,14863,
466,BOMBA AIRE BICI MINI,BOMMI,13790,
465,BOMBA AIRE BICICLETA,BOMMIX,11997,
464,BOMBA AIRE BICICLETA,BOMBAP,21695,
6016,BOMBA AIRE PEDAL,BOPEP,21693,
488,BOMBA MANUAL DIESEL,BOMEX25,10067,
490,BOMBA MANUAL DIESEL,BOMEX28,16856,
491,BOMBA MANUAL DIESEL,BOMEX31,16857,
4867,BOMBILLA,25W,2 PC,
6640,BOMBILLA SPIRAL LED,7W,1 PC,
5192,BOMBILLA HALOGENO,300 WATT,H300X2,
61,BOMBILLA HALOGENO,500 WATT,H500X2,
6401,BOMBILLA LED,7 W,1 PC,
6411,BOMBILLA LED,9 W,1 PC,
6400,BOMBILLA LED,7 W,2 PCS,
6423,BOMBILLA LED,9 W,2 PCS,
155,BOMBILLA LINTERNA,2.4 VOLT,PLACA,
156,BOMBILLA LINTERNA,2.5 VOLT,ROSCA,
175,BOMBILLA LINTERNA,3.8 VOLT,ROSCA,
176,BOMBILLA LINTERNA,6.2 VOLT,ROSCA,
223,BOMBILLA NEVERA,40W,J2944,
394,BOMBILLA NIGHT LIGHT,2 PCS,CARDET,
5502,BOMBILLA NIGHT LIGHT,50pcs,COLORES,
351,BOMBILLA NIGHT LIGHT,25PCS,NL-C,
6641,BOMBILLA SPIRAL LED,9W,1 PC,
6397,BOMBILLA SPIRAL,18W,1PC,
6398,BOMBILLA SPIRAL,23W,1PC,
6399,BOMBILLA SPIRALSWD,15W/60W,1PC,
277,BOTAS ALTA,6,,
278,BOTAS ALTA,7,,
279,BOTAS ALTA,8,,
280,BOTAS ALTA,9,,
281,BOTAS ALTA,10,,
282,BOTAS ALTA,11,,
283,BOTAS ALTA,12,,
6471,BOTAS ALTA,13,,
285,BOTAS ALTA P/ACERO,8,,
286,BOTAS ALTA P/ACERO,9,,
287,BOTAS ALTA P/ACERO,10,,
288,BOTAS ALTA P/ACERO,11,,
290,BOTAS ALTA P/ACERO,12,,
291,BOTAS ALTA P/ACERO,13,,
356,BOTON GAB,,A/B,
357,BOTON GAB,,A/C,
358,BOTON GAB,,W/G,
4788,BOTON GAB BRONCE,,,
315,BOYA INODORO,4'',PLASTICA,
316,BOYA INODORO,"5 """,PLASTICA,
4125,BOYA TW,6'',PLASTICA,
4129,BOYA WATTS,6,USA,
5488,BOYAS FLOTANTES,"1""",202 R/W,
5503,BOYAS FLOTANTES,"1 1/4""",203 R/ W,
359,BRACKET FILTRO CISTE,,78-51-S,
322,BRACKET LAVABO,"7""",,
360,BRAZO DUCHA METAL,1/2 X 17,241-17,
355,BRAZO DUCHA METAL,"8""",627CHP,
301,BRAZO DUCHA METAL,"6""",MTL,
302,BRAZO DUCHA PLASTICO,,R304P,
310,BRAZO DUCHA SET CROM,,PLA,
844,BROCHA 1123,3,1123,
454,BROCHA 1123,1.5,1123,
822,BROCHA 1123,2.5,1123,
230,BROCHA 1610,1,100,
226,BROCHA 1610,1.5,150,
227,BROCHA 1610,2,200,
228,BROCHA 1610,2.5,250,
229,BROCHA 1610,3,300,
231,BROCHA 1610,4,400,
207,BROCHA 445,1 B,445,
209,BROCHA 445,2 B,445,
211,BROCHA 445,3 B,445,
212,BROCHA 445,4 B,445,
210,BROCHA 445,2 1/2 B,445,
208,BROCHA 445,1  1/2 B,445,
201,BROCHA 459,1,459,
203,BROCHA 459,2,459,
205,BROCHA 459,3,459,
206,BROCHA 459,4,459,
202,BROCHA 459,1.5,459,
204,BROCHA 459,2.5,459,
289,BROCHA 479,3,479,
256,BROCHA 832,2,,
255,BROCHA 832,3,,
254,BROCHA 832,1.5,,
258,BROCHA 832,2.5,,
2169,BROCHA C/DIAGONAL,2,2123,
5151,BROCHA FOAM,4PCS,7040,
233,BROCHA FOAM SET,3 PCS,,
232,BROCHA MAGEY USA,,40031,
5259,BROCHA MARINE,"1 1/2""",710-15,
5248,BROCHA MARINE,"2""",710-20,
5249,BROCHA MARINE,"2 1/2""",710-25,
5258,BROCHA MARINE,3,710-30,
3804,BROCHA PREMIUM,"1 1/2""",700-15,
3805,BROCHA PREMIUM,"2""",700-20,
3806,BROCHA PREMIUM,"2 1/2""",700-25,
3807,BROCHA PREMIUM,"3""",700-30,
2576,BROCHA RUBIA,44198,,
216,BROCHA RUBIA,1,100,
217,BROCHA RUBIA,1.5,150,
218,BROCHA RUBIA,2,200,
219,BROCHA RUBIA,2.5,250,
220,BROCHA RUBIA,3,300,
234,BROCHA RUBIA,4,1500,
221,BROCHA RUBIA,4,1504,
222,BROCHA RUBIA HD,1,,
250,BROCHA RUBIA HD,2,,
252,BROCHA RUBIA HD,3,,
253,BROCHA RUBIA HD,4,,
224,BROCHA RUBIA HD,1.5,,
251,BROCHA RUBIA HD,2.5,,
308,BUZON PARED HORIZON,,10225,
309,BUZON PARED VERTICA,,10215,
5282,C CLAMP,,3 PCS,
860,C-CLAMP SURTEK,4,107054,
861,C-CLAMP SURTEK,6,107056,
862,C-CLAMP SURTEK,8,107058,
865,C-CLAMP TOLSEN,"4""",10113,
873,C-CLAMP TOLSEN,"6""",10114,
875,C-CLAMP TOLSEN,"8""",10115,
1866,C-CLAMP TRUPER,"5""",17662,
6244,C-CLAMP TRUPER,3,PNT-3,
1837,C-CLAMP TRUPER,4,PNT-4,
1835,C-CLAMP TRUPER,6,PNT-6,
1836,C-CLAMP TRUPER,8,PNT-8,
644,C/ACERO 1/4 CR,250,S/FORRO,
803,C/ACERO 1/4 KH,250,S/FORRO,
1167,C/ACERO 1/4-5/16 CR,200,FORR,
645,C/ACERO 1/4-5/16 KH,200,FORR,
5010,C/ACERO 1/8 CR,250,S/FORRO,
3891,C/ACERO 1/8 KH,250,S/FORR,
4868,C/ACERO 1/8-3/16 CR,200,FORR,
1939,C/ACERO 1/8-3/16 KH,200,FORR,
1367,C/ACERO 1/8-5/32 CR,200,FORR,
643,C/ACERO 3/16 CR,250,S/FORRO,
821,C/ACERO 3/16 KH,250,S/FORRO,
1369,C/ACERO 3/16-1/4 CR,200,FORR,
4874,C/ACERO 3/16-1/4 KH,200,FORR,
5339,C/ACERO 3/32-1/8,250,FORR,
646,C/ACERO 3/32-1/8 KH,200,FORR,
3106,C/ACERO 3/8 KH,250,S/FORRO,
1170,C/ACERO 5/16-3/8 CR,200,FORR,
1168,C/ACERO 5/16-3/8 KH,200,FORR,
4426,C/BOLA ROUTER,,22562,
2595,C/FRIO 1,10,,
4668,C/FRIO 1,12,,
3918,C/FRIO 1,12,C-1X12,
6197,C/FRIO 1,8,C-1X8,
3917,C/FRIO 1,10,C1X10,
4061,C/FRIO 1 C/PROT,10,12273,
4068,C/FRIO 1 C/PROT,8,12276,
526,C/FRIO 1/2,6,,
528,C/FRIO 1/2,10,,
538,C/FRIO 1/2,12,,
527,C/FRIO 1/2,8,5827,
2639,C/FRIO 1/2,10,C1/2X10,
6196,C/FRIO 1/2,12,C1/2X12,
2634,C/FRIO 1/2,6,C1/2X6,
2635,C/FRIO 1/2,8,C1/2X8,
4666,C/FRIO 3/4,8,,
4667,C/FRIO 3/4,10,,
534,C/FRIO 3/4,12,,
2594,C/FRIO 3/4,12,,
548,C/FRIO 3/4,"6""",,
533,C/FRIO 3/4,10,C/PROTEC,
532,C/FRIO 3/4,12,C/PROTEC,
3915,C/FRIO 3/4,10,C3/4X10,
3916,C/FRIO 3/4,12,C3/4X12,
1868,C/FRIO 3/4,6,C3/4X6,
3914,C/FRIO 3/4,8,C3/4X8,
2593,C/FRIO 3/4 C/PROT,10,12275,
549,C/FRIO 3/4 C/PROT,8,12278,
1969,C/FRIO 5/8,6,,
4746,C/FRIO 5/8,8,,
531,C/FRIO 5/8,10,,
530,C/FRIO 5/8,10,C/PROTEC,
529,C/FRIO 5/8,12,C/PROTEC,
2638,C/FRIO 5/8,10,C5/8X10,
4575,C/FRIO 5/8,12,C5/8X12,
2636,C/FRIO 5/8,6,C5/8X6,
2637,C/FRIO 5/8,8,C5/8X8,
4669,C/FRIO 7/8,10,12154,
4701,C/FRIO 7/8,12,12157,
4062,C/FRIO 7/8 C/PROT,10,12274,
4069,C/FRIO 7/8 C/PROT,8,12277,
4974,C/FRIO FLAT,4,,
4972,C/FRIO FLAT,3 1/2-8,CL-31/2,
5087,C/FRIO FLAT C/PROT,CL23410G,12187,
5093,C/FRIO FLAT C/PROT,CL31/2X8,12193,
4416,C/FRIOS SET,6 PC,117193,
664,C/LINE 100' ALUM,100,11013,
1747,C/LINE 50' ALUM,50,11010,
5070,C/LINE ALUM,50,TW,
662,C/LINE SET BLUE,100,11081,
1979,C/LINE SET BLUE,100,TL-100,
5069,C/LINE SET BLUE,50,TL-50P,
661,C/LINE SET BLUE SURT,100' MET,130561,
663,C/LINE SET BLUE SURT,100' PLA,130569,
667,C/LINE SET PLAST,50',142612,
669,C/LINE SET PLAST,100',TW,
4073,CABLE ARNES 6.5',CAB54892,14436,
4105,CABLE ARNES C/SHOCK,CAB-5430,14446,
1826,CABLE BLANCO 12/2 10,CDU12300,40044,
657,CABLE DUPLEX 18/2,250,AMARILLO,
658,CABLE DUPLEX 18/2,,CL,
1774,CABLE DUPLEX 18/2,,GOLD,
5366,CABLE TIES,8,BLANCO,
6441,CABLE TIES,11,BLANCO,
6442,CABLE TIES,14,BLANCO,
574,CABLE TIES,"6""",BLANCO,
4176,CABLE TIES,5.5,BLANCO,
4177,CABLE TIES,7.5,BLANCO,
4385,CABLE TIES,11.5,BLANCO,
4386,CABLE TIES,14.5,BLANCO,
6105,CABLE TIES,11.5,NEGRO,
6138,CABLE TIES,14.5,NEGRO,
4448,CABLE TIES,17.75,NEGRO,
6104,CABLE TIES,"7 1/2""",NEGRO,
6443,CABLE TIES   12.7 mm,21.6875,BLANCO,
5246,CABLE TIES   8 mm,21.6875,BLANCO,
6639,CABLE TIES 75 PCS,CIN75,48990,
5245,CABLE TIES 8mm,"17 3/4""",BLANCO,
1786,CABLES MAQ SOLDAR EL,CAB300,14349,
552,CABO AZADA,"45""",SPAIN,
1950,CABO AZADA ESPANA,"55""",,
914,CABO AZADA T/NA,"56""",1400/42,
1633,CABO AZADON SPAIN,"47""",ESPANA,
5577,CABO AZADON T/NA,"48""",BRAZIL,
2447,CABO CARRETILLAS TRA,756006,T/NA,
5496,CABO HACHA BELLOTA,,8016,
561,CABO HACHA ESPANOL,"36""",,
560,CABO HACHA TRAMONTIN,11542/04,TR/NA,
562,CABO HACHUELA,"12""",ESPANOL,
592,CABO LIMA PLASTICO,9/10,,
600,CABO LIMA PLASTICO,4.5,ROYAL,
874,CABO MACHETE,C/REMACH,CHISPA,
2152,CABO MACHETE C/REMAC,,COCODRIL,
589,CABO MACHETE,,IDEAL,
820,CABO MACHETE,,JIBARO,
640,CABO MARRON T/NA,30,BRAZIL,
632,CABO MARRON,14,ESPANA,
635,CABO MARRON,16,ESPANA,
636,CABO MARRON,18,ESPANA,
2541,CABO MARRON,24,ESPANA,
633,CABO MARRON,12,MG-MD-4,
6198,CABO MARRON,30,SPAIN,
6199,CABO MARRON,36,SPAIN,
6299,CABO MARRON 6/16 LB,36,MGMD6/16,
665,CABO MARRON T/NA,36,11035/42,
1538,CABO MARTILLO,,MGMA-1,
580,CABO MARTILLO,,SPAIN,
2579,CABO MARTILLO,CAB5,SURTEK,
557,CABO PALA CURVO,,ESPANA,
564,CABO PALA RECTO,"47""",ESPANA,
556,CABO PALA RECTO TRAM,,11150/04,
559,CABO PALA YD,,T/NA,
2592,CABO PICO,C/GOMA,MG-ZP-5X,
554,CABO PICO,36,TRAMONTI,
3674,CABO PICO BELLOTA,,8017,
2610,CABO PICO SPAIN,36,,
2596,CABO PICO SURTEK,,CAB6,
2591,CABO PICO T/CRAFT,,MEX,
598,CABO PICO T/NA,C/GOMA,78752/01,
1600,CABO SERRUCHO,,GN13,
813,CADENA GALV 1/2,35,,
823,CADENA GALV 1/2,50,,
826,CADENA GALV 1/2,38',MEX,
900,CADENA GALV 1/4,113.75',44262,
824,CADENA GALV 1/4,159',MEX,
902,CADENA GALV 1/4X113.,CAGA1/4,44271,
808,CADENA GALV 1/8,243.75',44260,
814,CADENA GALV 1/8,500',MEX,
827,CADENA GALV 1/8X 243,CAGA1/8,44269,
825,CADENA GALV 3/16,250,,
815,CADENA GALV 3/16,335',MEX,
828,CADENA GALV 3/16X211,CAGA3/16,44270,
906,CADENA GALV 3/8,32.5',44264,
913,CADENA GALV 3/8,66',MEX,
907,CADENA GALV 5/16,92,,
911,CADENA GALV 5/16,86',MEX,
901,CADENA GALV 5/16X65',CAGA5/16,44272,
843,CADENA LAMP ALUM,,GOLD,
847,CADENA LAMP METAL,,CR,
842,CADENA LAMP METAL,,GOLD,
6461,CADENA PASEO 1.5,48,0,
732,CADENA PASEO 1.6,48,,
733,CADENA PASEO 2.0,48,448,
6045,CADENA PASEO 2.3,48,QU2348,
4345,CADENA PASEO 2.5,48,,
725,CADENA PASEO 3.0,48,548,
4051,CADENA PASEO 3.5,48,,
744,CADENA PASEO 4.0,48,648,
6712,CADENA PASEO NYLON,,1.5MM,
6711,CADENA PASEO NYLON,,1MM,
6714,CADENA PASEO NYLON,,2.5MM,
6713,CADENA PASEO NYLON,,2MM,
731,CADENA PERRO 1.6,6,,
4341,CADENA PERRO 2.0,10,,
730,CADENA PERRO 2.0,15,,
4344,CADENA PERRO 2.0,6,QU2006,
6042,CADENA PERRO 2.3,6,QU2306,
6043,CADENA PERRO 2.3,10,QU2310,
6044,CADENA PERRO 2.3,15,QU2315,
726,CADENA PERRO 2.5,6,,
748,CADENA PERRO 2.5,15,,
727,CADENA PERRO 2.5,10,QU2510,
728,CADENA PERRO 3.0,6,,
750,CADENA PERRO 3.0,15,,
729,CADENA PERRO 3.0,10,QU3010,
4366,CADENA PERRO 3.5,6,,
4367,CADENA PERRO 3.5,10,,
6245,CADENA PERRO 3.5,15,,
806,CADENA TIESTO,200,,
6357,CADENA TIESTO TW,200,,
856,CAJA 2X4,1/2,58361,
992,CAJA 2X4,3/4,58361,
857,CAJA 4X4,1/2,52151,
955,CAJA 4X4,3/4,52151,
950,CAJA BOLA RUEDA/CARR,,(10 PCS),
3463,CAJA CERRADURA PORTO,,,
4712,CAJA CORTE PLAST,,PMB12,
974,CAJA HERRAMIENTA,CPE16G,10552,
966,CAJA HERRAMIENTA,"23""",11506,
961,CAJA HERRAMIENTA,"17""",19656,
965,CAJA HERRAMIENTA ORA,"14""",19854,
960,CAJA HERRAMIENTAS,16 PLAST,143201,
952,CAJA HERRAMIENTAS,22 PLAST,143202,
858,CAJA OCTAGONAL,1/2,54151,
956,CAJA OCTAGONAL,3/4,54151,
964,CAJA PESCA PLAST,"16""",10539,
6513,CALENTADOR DUCHA,110V/23A,AHSH2500,
6593,CALENTADOR LINEA,220 VOLT,9.5 KW,
6351,CALENTADOR LINEA,220V-40A,BOSTEMP,
6396,CALENTADOR LINEA AM/,220V-40A,S-9,
6356,CALENTADOR LINEA AM/,ADK-3,,
6594,CALENTADOR LINEA AM/,220V-30A,A-67,
6526,CALENTADOR LINEA AM/,80/18KW,AH-18 3B,
6527,CALENTADOR LINEA AM/,240/21kw,AH-2135,
6528,CALENTADOR LINEA AM/,120/24KW,AH-24 4B,
6529,CALENTADOR LINEA AM/,120/27KW,AH-27 45,
6524,CALENTADOR LINEA AM/,110V-29A,M-4,
6525,CALENTADOR LINEA AM/,220V-29A,M-7,
6473,CALENTADOR LINEA AM/,220V-37A,M-9,
5474,CANA PESCAR C/CARRET,,SP502N,
1449,CANASTITO BANERA,,,
647,CANASTITO FREGADERO,,CD,
3794,CANASTITO FREGADERO,C2010,MALLA,
606,CANASTITO FREGADERO,C/P,R405P,
624,CANASTITO FREGADERO,S/P,R405B,
675,CANASTITO PILETA,,R409A,
591,CANASTO FREG MTL,,R401,
607,CANASTO FREG PVC C/T,TRUPER,49353,
605,CANASTO FREG PVC C/T,,R401P,
1066,CANASTO FREG PVC EZF,SIN T/P,CARDET,
6412,CANASTO FREG PVC S/T,,C/REY,
691,CANASTO PILETA,,MTL,
690,CANASTO PILETA PVC,,R402P,
789,CANCAMO ABIERTO,1,,
799,CANCAMO ABIERTO,2,,
792,CANCAMO ABIERTO,1.75,,
788,CANCAMO ABIERTO,3/4,R819AA,
790,CANCAMO ABIERTO,1.25,R819CC,
791,CANCAMO ABIERTO,1.5,R819DD,
6031,CANCAMO ABIERTO,5/8,R819FF,
6047,CANCAMO ABIERTO T/F,3/16,3,
6049,CANCAMO ABIERTO T/F,1/4,4,
2612,CANCAMO CERRADO 1/2,3,,
1855,CANCAMO CERRADO 1/2,5,,
1858,CANCAMO CERRADO 1/2,7,,
2605,CANCAMO CERRADO 1/2,4,808CF,
1850,CANCAMO CERRADO 1/2,6,808CH,
225,CANCAMO CERRADO 1/2,8,R808CJ,
898,CANCAMO CERRADO 1/2,10,R808CL,
1423,CANCAMO CERRADO 1/4,5,,
4779,CANCAMO CERRADO 1/4,"3""",DR808D,
1396,CANCAMO CERRADO 1/4,2,R808DC,
1397,CANCAMO CERRADO 1/4,4,R808DF,
1419,CANCAMO CERRADO 1/4,6,R808DI,
804,CANCAMO CERRADO 3/16,2,R808ED,
5347,CANCAMO CERRADO 3/16,3,R808EE,
6424,CANCAMO CERRADO 3/8,2,,
1561,CANCAMO CERRADO 3/8,5,,
1851,CANCAMO CERRADO 3/8,7,,
6446,CANCAMO CERRADO 3/8,3.5,,
6447,CANCAMO CERRADO 3/8,6.5,,
6336,CANCAMO CERRADO 3/8,3,DR808BE,
1394,CANCAMO CERRADO 3/8,4,R808BF,
1395,CANCAMO CERRADO 3/8,6,R808BH,
1849,CANCAMO CERRADO 3/8,8,R808BJ,
897,CANCAMO CERRADO 3/8,10,R808BL,
5029,CANCAMO CERRADO 5/16,2,,
1560,CANCAMO CERRADO 5/16,5,,
5024,CANCAMO CERRADO 5/16,2.5,DR808AD,
5346,CANCAMO CERRADO 5/16,3,R808AE,
1392,CANCAMO CERRADO 5/16,4,R808AF,
1393,CANCAMO CERRADO 5/16,6,R808AH,
5356,CANCAMO CERRADO T/F,1/4  (50,2,
5348,CANCAMO CERRADO T/F,3/16 (50,2,
5358,CANCAMO CERRADO T/F,1/4  (50,3,
5351,CANCAMO CERRADO T/F,3/16 (50,3,
5364,CANCAMO CERRADO T/F,3/8  (20,3,
5362,CANCAMO CERRADO T/F,5/16 (20,3,
5616,CANCAMO CERRADO T/F,1/4  (20,4,
5489,CANCAMO CERRADO T/F,3/8  (20,4,
5363,CANCAMO CERRADO T/F,5/16 (20,4,
2084,CANDADO 209 BELL,2050,CD,
484,CANDADO 415 BELL,325,,
485,CANDADO 416 BELL,330,,
456,CANDADO 461,,,
457,CANDADO 462,,,
472,CANDADO 462,,CD,
458,CANDADO 463,,,
443,CANDADO 463,,CD,
459,CANDADO 464,,,
474,CANDADO 464,,CD,
5464,CANDADO 464 C/L,,,
467,CANDADO 464 C/L,,CD,
460,CANDADO 465,,,
475,CANDADO 465,,CD,
5467,CANDADO 465 (KA4),,,
5469,CANDADO 465 (KA6),,CD,
5465,CANDADO 465 C/L,,,
470,CANDADO 465 C/L,,CD,
461,CANDADO 466,,,
446,CANDADO 466,,CD,
6055,CANDADO 466  C/L,,CD,
5468,CANDADO 466 (KA4),,,
6054,CANDADO 466 (KA6),,,
5471,CANDADO 466 C/L,,,
5470,CANDADO 467,,.,
462,CANDADO 467,,CD,
2383,CANDADO BRONCE,20MM,"CD 3/4""",
698,CANDADO C/BUMPER,40MM,C/L,
697,CANDADO C/BUMPER,50MM,C/L,
695,CANDADO C/BUMPER,40MM,VINYL,
696,CANDADO C/BUMPER,50MM,VINYL,
711,CANDADO G/D,30MM,VINYL,
712,CANDADO G/D,40MM,VINYL,
713,CANDADO G/D,50MM,VINYL,
854,CANDADO G/D (KA4),40MM,BUMPER,
853,CANDADO G/D (KA4),50MM,BUMPER,
499,CANDADO HINO SET C/B,,6PC,
613,CANDADO LAMINADO,1 1/4'',BRL030,
615,CANDADO LAMINADO,1 1/2'',BRL040,
610,CANDADO LAMINADO,"2""",BRL050,
848,CANDADO LAMINADO C/L,"2""",C/LARGO,
849,CANDADO LAMINADO C/L,"1 1/2""",C/LARGO,
846,CANDADO LAMINADO C/L,1 1/4'',C/LARGO,
892,CANDADO MASTER,,15 LH,
479,CANDADO MASTER,,15D,
494,CANDADO MASTER,,15KA,
4992,CANDADO MASTER,,15KALH,
489,CANDADO MASTER,,17 LH,
480,CANDADO MASTER,,17D,
481,CANDADO MASTER,,1D,
5317,CANDADO MASTER,,1KA,
477,CANDADO MASTER,,3D,
482,CANDADO MASTER,,3KA,
478,CANDADO MASTER,,5D,
985,CANDADO MASTER,4PCS,5ESPQHC,
476,CANDADO MASTER,,5KA,
4990,CANDADO MASTER,2 PCS,5KA 5T,
890,CANDADO MASTER,,5LF,
5076,CANDADO MASTER,,5LF KA,
891,CANDADO MASTER,,5LJ,
4991,CANDADO MASTER,,5LJ KA,
5323,CANDADO MASTER BCE,3D,1903D,
655,CANDADO MASTER BCE,3D 2PC,1903T,
578,CANDADO SET,24 PCS,411-24,
593,CANDADO SET,12 PCS,JUMBO,
577,CANDADO SET GRANDE,12 PCS,GDE,
576,CANDADO SET PEQUENO,12 PCS,46234,
1153,CANDADO VICTORY,32MM,CD,
1152,CANDADO VICTORY,38MM,CD,
6494,CAP DELTA,,32164,
4142,CAP TOILET,,AZUL,
4140,CAP TOILET,,WH,
4141,CAP TOILET,,YELLOW,
2012,CAPA AGUA 2PCS,MED,J001,
2013,CAPA AGUA 2PCS,LARGE,J002,
2014,CAPA AGUA 2PCS,XLARGE,J003,
2503,CAPA AGUA 2PCS,XXLARGE,J004,
6548,CAPA AGUA 2PCS,LARGE,TRUPER,
6549,CAPA AGUA 2PCS,X-LARGE,TRUPER,
5318,CAPA AGUA 3PCS,XL,,
1316,CAPA AGUA 3PCS,MED,,
1317,CAPA AGUA 3PCS,LARGE,,
1351,CAPA AGUA 3PCS,2XLARGE,,
558,CAPACETE PLAST ALA,10567,WHITE,
555,CAPACETE PLAST ALA,10566,YELLOW,
543,CAPACETE PLASTICO,738CB,BLUE,
542,CAPACETE PLASTICO,,GREEN,
545,CAPACETE PLASTICO,,ORANGE,
546,CAPACETE PLASTICO,,RED,
541,CAPACETE PLASTICO,738CW,WHITE,
544,CAPACETE PLASTICO,738CY,YELLOW,
1089,CARETA FACE SHIELD,SEGURIDA,FS-100,
1081,CARETA SOLDAR TRUPER,CASO-3,13729,
1069,CARETA SOLDAR TW,,WH701B,
1068,CARETA TRIMMER,SE3756,MALLA,
1067,CARETA TRIMMER,SE3740,PLASTICA,
4818,CARRETILLA BELLOTA,5PC,75670P5,
4833,CARRETILLA GOMA SOLI,5 PIES,C/METAL,
4629,CARRETILLA PLAST 8',TP8,19810,
4834,CARRETILLA T/NA,5 PIES,GOMA SOL,
4571,CARRETILLA TRUPER,5.5 FT,CAP-50NB,
586,CARRITO CORREDERA,,HD,
585,CARRITO NEVERA,"33""",JD113,
596,CARRITO NEVERA,48'',JD114,
1800,CARTABON METAL,,BROWN,
4720,CARTABON PLASTIC,,CS12P,
6275,CARTUCHO MASCARILLA,,226,
715,CAULKING LATEX WH,,0736MX,
6451,CAUTIN MIYAKO,PISTOLA,74B32,
4730,CAUTIN T/LAPIZ MIYAK,,74B30,
1546,CAUTIN T/LAPIZ TRUPE,,CAU30P2,
3467,CEDAZO CANASTO FREG,4.375,C2015,
855,CEPILLERA BANO TW,,,
4997,CEPILLO ALAMBRE,3 PCS,10652,
4943,CEPILLO ALAMBRE,3PCS,1660-3,
6312,CEPILLO ALAMBRE,30PCS,1872,
5054,CEPILLO ALAMBRE,36PCS,1875,
6642,CEPILLO ALAMBRE,50PCS,1880,
763,CEPILLO ALAMBRE,,M/C,
2720,CEPILLO ALAMBRE,,M/C ESP,
764,CEPILLO ALAMBRE,,M/L,
2721,CEPILLO ALAMBRE,,M/L ESP,
2749,CEPILLO ALAMBRE C/M,CEA82,12655,
1320,CEPILLO ALAMBRE CONI,25PCS,1852,
2741,CEPILLO ALAMBRE D/M,D/MANGO,12656,
2740,CEPILLO ALAMBRE ONDU,CEA-10,11540,
2790,CEPILLO ALAMBRE ONDU,5 X 5/8,11541,
2832,CEPILLO ALAMBRE ONDU,CT-608,14186,
2745,CEPILLO ALAMBRE PLAS,CEA18F,11539,
2746,CEPILLO ALAMBRE PLAS,7'',11556,
5059,CEPILLO ALAMBRE PULI,1/5-8,1828-C,
5060,CEPILLO ALAMBRE PULI,4/5-8,1829-C,
2719,CEPILLO ALAMBRE S/S,CEA54I,10656,
5056,CEPILLO ALAMBRE TALA,2-1/4 CO,1841-C,
5057,CEPILLO ALAMBRE TALA,3-1/4 CO,1843-C,
769,CEPILLO COCO,7.25,MANO,
771,CEPILLO COCO C/P,9,44428,
770,CEPILLO COCO CALLE,14,70200,
767,CEPILLO INODORO,C/BASE,157,
775,CEPILLO INODORO,S/BASE,92612,
2804,CEPILLO MADERA CURVO,E-9C,12059,
2791,CEPILLO MADERA FLAT,E-9R,12058,
772,CEPILLO NYLON CALLE,14,70210,
4903,CEPILLO OFICINA,14,BRAZIL,
4904,CEPILLO OFICINA,16,BRAZIL,
4902,CEPILLO OFICINA,18,BRAZIL,
4901,CEPILLO OFICINA,24,BRAZIL,
762,CEPILLO OFICINA USA,16,42006,
774,CEPILLO OFICINA USA,18,42007,
807,CEPILLO OFICINA USA,24,42008,
773,CEPILLO OFICINA USA,14,42114 CP,
766,CEPILLO PLANCHITA,,60179,
5061,CEPILLO POLO BATERIA,,17110,
2743,CEPILLO TALADRO TREN,3 X 5/8,17529,
2752,CEPILLO TALADRO TREN,4-CT610,14187,
2744,CEPILLO TALADRO TREN,4 X 5/8,17531,
768,CEPILLO VERDE,"14""",60143,
637,CERNIDOR ARENA PLAY,1/8'',,
638,CERNIDOR ARENA RIO,1/4'',,
639,CERNIDOR POLVILLO,SCREEN,,
3562,CERRADURA  EXT SURTE,SS 19POP,PROLOK,
6130,CERRADURA  INT SURTE,SS 20POP,PROLOK,
3909,CERRADURA BUZON 127/,,,
5006,CERRADURA COM 1 LL,SS,6871D101,
5004,CERRADURA COM 2LL,SS,6871D102,
5266,CERRADURA COMBO 1LL,A/B,5000,
5009,CERRADURA COMBO 2LL,PB,68717312,
5273,CERRADURA COMBO 2LL,A/B,5010,
3569,CERRADURA COMBO LEVE,SS 6481,1 LL C,
3572,CERRADURA COMBO LEVE,SS 6411,1 LL R,
3566,CERRADURA COMBO LEVE,SS 6841,1 LL R,
3573,CERRADURA COMBO LEVE,SS 6411,2 LL C,
3571,CERRADURA COMBO LEVE,SS 6481,2 LL C,
3567,CERRADURA COMBO LEVE,SS 6841,2 LL R,
5605,CERRADURA EXT LEVEL,SS 6481,CURVO,
5607,CERRADURA EXT LEVEL,SS 6411,RECTO,
5383,CERRADURA EXT LEVEL,SS 6841,RECTO,
5250,CERRADURA EXTERIOR,SS 6871,REDSTAR,
708,CERRADURA GABETA,1.125,3003,
3564,CERRADURA HERRERO,,C/CAJA,
3597,CERRADURA HERRERO P/,,P/LORO,
5606,CERRADURA INT LEVEL,SS 6482,CURVO,
5608,CERRADURA INT LEVEL,SS 6412,RECTO,
5384,CERRADURA INT LEVEL,SS 6842,RECTO,
3561,CERRADURA INTERIOR,SS 6872,REDSTAR,
673,CERRADURA JAULA (TEL,,,
4649,CERRADURA RESBALON,,202,
996,CERRADURA SCREEN,47073,ALUM,
4736,CERRADURA SCREEN,,BRONZE,
4735,CERRADURA SCREEN,,WHITE,
5251,CERRADURA SW  INT AJ,PB,L6130,
4132,CERRADURA SW EXT  AJ,PB,L6100,
5255,CERRADURA SWD PB INT,,710,
4171,CERRADURA VITRINA,,,
6454,CHALECO SEG CLASE 2,LARGE,LIMA,
6455,CHALECO SEG CLASE 2,XLARGE,LIMA,
6449,CHALECO SEG CLASE 2,LARGE,ORANGE,
6452,CHALECO SEG CLASE 2,XLARGE,ORANGE,
6590,CHALECO SEGURIDAD LI,,,
6418,CHALECO SEGURIDAD OR,,301013,
2191,CHECK VALVE,2,ROSCA,
2299,CHECK VALVE  LINEAL,1,,
2290,CHECK VALVE BUGATTI,1/2,192,
2293,CHECK VALVE BUGATTI,3/4,192,
2366,CHECK VALVE C/JUNTA,3/4,ITAP,
2291,CHECK VALVE LIN TW,1,SPRING,
2292,CHECK VALVE LIN TW,1/2,SPRING,
2298,CHECK VALVE LINTW,3/4,SPRING,
2187,CHECK VALVE ROSCA AS,1/2 BC,SPRING,
5114,CHECK VALVE ROSCA AS,3/4 BC,SPRING,
689,CHECK VALVE ROSCA TW,1/2,210A,
688,CHECK VALVE ROSCA TW,3/4,R210B,
4440,CHUCK TALADRO,1/4,14951,
4401,CHUCK TALADRO,3/8,14953,
4402,CHUCK TALADRO,1/2-3/8,14955,
4438,CHUCK TALADRO,1/2-1/2,14957,
4162,CINTA  F/GLASS,1/2 100M,142086,
3544,CINTA 1 METRICA,8m-26,33994840,
3596,CINTA 1 PULGADAS,25',90178000,
4158,CINTA 1/2 X 50ME FBG,TP50ME,12640,
4159,CINTA 1/2X100MT C/MA,TFC100ME,12645,
4160,CINTA 1/2X50MT C/MAN,TFC50ME,12647,
4161,CINTA 1/2X50MT C/MAN,CRUCE50,12649,
4072,CINTA 3/4,16,33989840,
518,CINTA DESTAPE 1/2,25,5025V,
517,CINTA DESTAPE 1/2,50,5050V,
522,CINTA DESTAPE 1/2,75,5075V,
519,CINTA DESTAPE 1/4,25,10225,
2704,CINTA DESTAPE 3/4,25,6025V,
1524,CINTA DESTAPE 3/4,50,6050V,
1527,CINTA DESTAPE 3/4,75,6075,
4656,CINTA HB/SMITH 1,25,79425,
6008,CINTA HB/SMITH 1 1/4,33,79433,
3952,CINTA HB/SMITH 3/4,16,70316,
3937,CINTA HB/SMITH 3/4,12,79312,
425,CINTA HBSMITH 1/2-12,,,
521,CINTA PERFORADA,,,
4163,"CINTA SURTEK  16'X1""",5MT 16',B122071,
5554,CITRONELA BUCKETS,6/ 18 OZ,42496,
5555,CITRONELA BUGS AWAY,12/ 5 OZ,6,
5556,CITRONELA CANDLES,6/ 3 OZ,43127,
5557,CITRONELA DECK LYTES,2 OZ /4P,40238,
5553,CITRONELA EMERGENCY,8/ 3 OZ,44782,
5260,CLAVO ACERO IMP,"2""",,
5261,CLAVO ACERO IMP,"3""",,
5482,CLAVO ACERO IMP,"1 1/2""",,
4878,CLAVO ACERO IMP,"2 1/2""",,
5262,CLAVO ACERO IMP,"3 1/2""",,
863,CLAVO CORR,1,,
868,CLAVO CORR,2,,
870,CLAVO CORR,3,,
872,CLAVO CORR,4,,
5001,CLAVO CORR,3/4,,
867,CLAVO CORR,1.5,,
869,CLAVO CORR,2.5,,
871,CLAVO CORR,3.5,,
864,CLAVO CORR,1,S/C,
876,CLAVO CORR,2,S/C,
866,CLAVO CORR,1.5,S/C,
883,CLAVO FUKO,1,# 10 1/2,
886,CLAVO FUKO,2,# 10 1/2,
888,CLAVO FUKO,3,# 10 1/2,
882,CLAVO FUKO,3/4,# 10 1/2,
885,CLAVO FUKO,1.5,# 10 1/2,
884,CLAVO FUKO,1.25,# 10 1/2,
887,CLAVO FUKO,2.5,# 10 1/2,
5501,CLAVO HERRADURA,50MM,,
761,CLAVO HERRADURA,5,-200,
4835,CLAVO HERRADURA,3.5,-200,
4840,CLAVO HERRADURA,4,-200,
4804,CLAVO HERRADURA,4.5,-200,
5587,CLAVO HERRADURA,4.50 GRX,-200,
5662,CLAVO NEGRO 1 1/2 TR,CLC1N,44132,
5661,CLAVO NEGRO 1 TRUPER,CLC1N,44131,
5660,CLAVO NEGRO 3/4 TRUP,CLC3/4C,44130,
5314,CLAVO PANEL,,AZUL,
838,CLAVO PANEL,,BEIGE,
835,CLAVO PANEL,,BLANCO,
836,CLAVO PANEL,,D/ BROWN,
840,CLAVO PANEL,,GOLD,
837,CLAVO PANEL,,L-BROWN,
839,CLAVO PANEL,,NEGRO,
5315,CLAVO PANEL,,WALNUT,
782,CLAVO PISTOLA,3,,
781,CLAVO PISTOLA,2.5,,
776,CLAVO PISTOLA,3/4,H-90,
777,CLAVO PISTOLA,1,H-91,
778,CLAVO PISTOLA,1.25,H-92,
779,CLAVO PISTOLA,1.5,H-93,
780,CLAVO PISTOLA,2,H-94,
787,CLAVO PISTOLA,,OJO,
6149,CLAVO PISTOLA GOMA,3/4,ARANDELA,
6147,CLAVO PISTOLA GOMA,1.5,ARANDELA,
6148,CLAVO PISTOLA GOMA,1.25,ARANDELA,
6075,CLAVO PISTOLA GOMA,"1""",D-100,
6076,CLAVO PISTOLA GOMA,"11/2""",D-150,
6074,CLAVO PISTOLA GOMA,"3/4""",D75,
796,CLAVO PRIMUS,35 MM,"1 1/2""",
795,CLAVO PRIMUS,30MM,"1 1/4""",
794,CLAVO PRIMUS,25MM,"1""",
798,CLAVO PRIMUS,40MM,"2""",
793,CLAVO PRIMUS,20MM,"3/4""",
973,CLAVO ROSCA 3/4R-,1,JS2025,
783,CLAVO ROSCA 3/4R- 03,1.25,,
753,CLAVO SALOMONICO,2,,
4895,CLAVO ZINC 44LB,2 1/2'',MEX,
4890,CLAVO ZINK 50LB,"2 1/2""",CHINA,
520,CLIP FREGADERO (6),# 1,ALUM,
523,CLIP FREGADERO (6),# 4 ELKA,HEAVY,
672,CLIP JAULA (GRAPA),,J CLIP,
818,CLIP SCREEN ALUMINIO,,CORTO,
816,CLIP SCREEN ALUMINIO,,LARGO,
819,CLIP SCREEN BLANCO,,CORTO,
817,CLIP SCREEN BLANCO,,LARGO,
1227,CLIP SCREEN plastico,,CORTO,
1193,CLIP SCREEN plastico,,LARGO,
5658,COA ACERO 55'',BACO140,19987,
5003,COA BEST VALUE,2.5 LB,SIN CABO,
5223,COA C/CABO,4'',130701,
6429,COA C/CABO,T/NA,550/595,
5196,COA C/CABO TRUPER,SCR4,18650,
5047,COA C/CABO TRUPER,"7""",18652,
5051,COA C/CABO TRUPER,"8""",19880,
5002,COA S/CABO,T/NA,77550/95,
4238,CODO,1/2,BRONCE,
5187,CODO,3/4,BRONCE,
6225,CODO,"1/4""",BRONCE,
6081,CODO,"3/8""",BRONCE,
683,CORDER ROPA POLY,100',POLY,
678,COLLAR PERRO,GDE,,
677,COLLAR PERRO,MED,UPC01A,
676,COLLAR PERRO,PEQ,UPC03C,
6708,COLLAR PERRO NYLON,24/26/28,1,
6704,COLLAR PERRO NYLON,18/20/22,16-Jan,
6700,COLLAR PERRO NYLON,14/16/18,1/2/2012,
608,COMB SWITCH IVORY,,5225I,
614,COMB SWITCH IVORY,46001,COAP-S,
6511,COMB SWITCH IVORY CH,,,
6118,COMB SWITCH WHITE,,5225W,
6501,COMB SWITCH WHITE CH,,U18,
5131,COMELON,2 TON,,
5132,COMELON,4 TON,,
5135,COMELON CADENA,1 1/2 TO,16842,
5134,COMELON TOLSEN,2 TON,62442,
427,COMP AD HEMBRA TW,1/2-3/8,,
448,COMP AD HEMBRA TW,3/4,LF,
1778,COMP AD HEMBRA TW,1/2,R1116C,
417,COMP AD HEMBRA USA,1/2,66A-10,
416,COMP AD HEMBRA USA,3/4,66A-14,
428,COMP AD HEMBRA USA,3/8,66A-6C,
447,COMP AD MACHO,1/4,,
6217,COMP AD MACHO,"1/8""",68A-2A,
1779,COMP AD MACHO TW,3/8,,
1783,COMP AD MACHO TW,1/2,1117C,
449,COMP AD MACHO TW,3/4,LF,
431,COMP AD MACHO TW,1/2-3/8,LF,
402,COMP AD MACHO USA,1/2,68A-10,
413,COMP AD MACHO USA,3/4,68A-14,
432,COMP AD MACHO USA,3/8,68A-6C,
6293,COMP AD HEMBRA USA,1/2-3/8,66A-6D,
433,COMP ANILLA SOLA,3/4,60A-14,
435,COMP ANILLA SOLA,3/16,60A-3,
436,COMP ANILLA SOLA,1/4,60A-4,
437,COMP ANILLA SOLA,3/8,60A-6,
468,COMP ANILLA SOLA,1/4,PVC,
438,COMP ANILLA SOLA,1/2,R1110B,
434,COMP ANILLA SOLA  PV,3/8,PVC,
6438,COMP CAP,1/4,,
5082,COMP CAP,3/8,N5CT-6,
451,COMP CODO HEMBRA TW,1/2,P70-108,
441,COMP CODO HEMBRA US,1/2,70A-10,
450,COMP CODO MACHO TW,1/2,69-108,
440,COMP CODO MACHO USA,1/2,69A-10,
1782,COMP CODO TW,3/4,,
666,COMP CODO TW,1/2,1115BB,
418,COMP CODO TW,3/8,65-CB,
705,COMP CODO TW,1/4,R1115D,
6437,COMP CODO USA,3/8,,
419,COMP CODO USA,1/2,65A-10,
420,COMP CODO USA,3/4,65A-1414,
6646,COMP FLEX DELTA  H/C,"20"" SS",R1216BB,
6029,COMP FLEX DELTA SS T,"20""",48037,
5083,COMP INSERT LF,1/4,60AE-4,
5133,COMP INSERT LF,3/8,60AE-6,
463,COMP LLAVE ANG LF,1/2,18-003LF,
421,COMP LLAVE ANG TW,1/2,,
426,COMP LLAVE ANG USA,1/2 LF,OCR19TZX,
1151,COMP LLAVE CUNA TW,1/2,,
442,COMP LLAVE PASO TW,1/2,R212A,
1133,COMP LLAVE PASO,3/4,R212B,
2196,COMP LLAVE PASO BOLA,1/2,107-023N,
2209,COMP LLAVE PASO LF,1/2,3401758,
6107,COMP TEE MACHO,"1/2""",72A-10,
408,COMP TEE RED USA,3/8-1/4,64A-664,
1776,COMP TEE TW,3/8,1114AA,
1777,COMP TEE TW,1/2,1114BB,
6230,COMP TEE TW,1/4,R1114F,
423,COMP TEE TW,3/4,TW,
406,COMP TEE USA,1/2,64A-10,
404,COMP TEE USA,3/4,64A-1414,
405,COMP TEE USA,3/8,64A-66,
415,COMP TUERCA,3/4,61A-14,
401,COMP TUERCA,3/8,61A-6,
414,COMP TUERCA LF,1/2,61A-10,
453,COMP TUERCA TW,1/4,,
6425,COMP UNION,3/16,,
6108,COMP UNION,"1/8""",62A-22,
2151,COMP UNION  TW,1/2,999010,
6064,COMP UNION RED TW,1/2-3/8,,
6059,COMP UNION RED TW,3/8-1/4,,
85,COMP UNION TW,"3/8 """,84758200,
6057,COMP UNION TW,3/4,LF,
452,COMP UNION TW,5/16,P-62-5,
6229,COMP UNION TW LF,1/4,R1113A,
6180,COMP UNION USA,"3/16""",62-3,
409,COMP UNION USA,1/4,62A-44,
422,COMP UNION USA,5/16,62A-55,
410,COMP UNION USA,3/8,62A-66,
412,COMP UNION USA,3/4,62A141,
6007,COMPRESOR AIRE 12V,COMP12P,21689,
5342,CONECTOR EMT,3/4,,
539,CONECTOR EMT,1/2,300,
540,CONECTOR UF,"3/8""",135,
8,CONO SEGURIDAD 27.5',CONO70R,13123,
17,CONO SEGURIDAD 35'',CONO90R,13127,
547,CONTAC CEMENT,QTO,ROJO,
709,CONTINUOS WASTE PVC,TW,CENTRO,
710,CONTINUOS WASTE PVC,,ESQ,
4408,COPA MAGNETICA,1/4,15111,
4409,COPA MAGNETICA,5/16,15112,
4410,COPA MAGNETICA,3/8,15113,
6390,COPA MAGNETICA,1/4,608-560,
6391,COPA MAGNETICA,5/16,608-564,
2795,COPA MAGNETICA SWD,3/8,,
704,COPA MAGNETICA SWD,5/16,,
707,COPA MAGNETICA SWD,1/4,CM14,
4628,COPA WING NUT,,,
6518,CORDEL ROPA FORRADO,3.5X50',VERDE,
682,CORDER ROPA  PLAST,50',24/50',
6517,CORDER ROPA FORRADO,3.5X100',VERDE,
6567,CORDER ROPA FORRADO,5.0X100',VERDE,
3970,CORREA ESLINGA C/GAN,2 X 5.8M,18344,
3969,CORREA ESLINGA OJO,4 X 19,17477,
3662,CORTA CERAMICA,14 PULG,CAZ-33,
3664,CORTA CERAMICA,17 PULG,CAZ-40,
524,CORTA CERAMICA,40,POCKET,
6110,CORTA CERAMICA,50,POCKET,
2348,CORTA CERAMICA,14 PULG,TS-30,
2349,CORTA CERAMICA,16 PULG,TS-40,
6286,CORTA CERAMICA,22 PULG,TS-50,
2350,CORTA CERAMICA,25 PULG,TS-60,
2786,CORTADOR MALEZA,WEC-14,19683,
4587,CORTATUBO,COT30E,12851,
4422,CORTATUBO,1/8-11/8,350F,
4570,CORTATUBO,,64104,
504,CORTATUBO,"2""",701,
503,CORTATUBO,,725,
5169,CORTATUBO,"2"" QUICK",750,
4490,CORTATUBO,32mm,COT-32,
4491,CORTATUBO,50mm,COT-50,
4489,CORTATUBO,30mm,COT30,
508,CORTATUBO (MINI) TW,,,
4579,CORTATUBO ECO,COTP,20960,
1649,CORTATUBO HD TW,,,
6333,CORTATUBO MINI,SULTEK,121153,
4421,CORTATUBO MINI,,64100,
502,CORTATUBO MINI,,722,
4488,CORTATUBO MINI,16mm,COT-16,
4098,CORTATUBO MINI TOLSE,,33003,
4047,CORTATUBO TOLSEN,,33004,
507,CORTATUBO TW,,,
4405,CORTATUBO TW,,37-013-1,
6364,CPVC AD  MACHO,1/2,,
6365,CPVC AD  MACHO,3/4,,
6374,CPVC AD HEMBRA,1/2,,
6375,CPVC AD HEMBRA,3/4,,
6366,CPVC CAP,1/2,,
6367,CPVC CAP,3/4,,
6376,CPVC CODO,1/2,,
6377,CPVC CODO,3/4,,
6382,CPVC CODO C/ROSCA OR,1/2,,
6381,CPVC CURVA,1/2,,
6523,CPVC CURVA,3/4,,
6434,CPVC CURVA NIPLE,3/4,,
6428,CPVC LLAVE BOLA,1/2,35-002-1,
6430,CPVC LLAVE BOLA,3/4,CPVC-462,
6573,CPVC PEGA,1/2 pt,,
6378,CPVC PEGA,1/4 PT,,
6372,CPVC RED BUSH,3/4-1/2,,
6370,CPVC TEE,1/2,,
6371,CPVC TEE,3/4,,
6544,CPVC TEE RED,3/4 X1/2,,
6538,CPVC TRANS AL HEMBRA,"3/4""",,
6540,CPVC TRANS AL MACHO,3/4,,
6453,CPVC TRANS BR HEMBRA,1/2,,
6444,CPVC TRANS BR MACHO,1/2,,
6541,CPVC TRANS SS CODO,1/2,ROSCA,
6537,CPVC TRANS SS HEMBRA,"1/2""",,
6539,CPVC TRANS SS MACHO,"1/2""",,
6379,CPVC TUBO,1/2 X 10,,
6373,CPVC TUBO,3/4 X 10,,
6368,CPVC UNION,1/2,,
6369,CPVC UNION,3/4,,
6543,CPVC UNION UNIV,3/4,,
6542,CPVC UNION UNIV,"1/2""",,
626,CR CODO,1/2,RQW048B,
628,CR TEE,1/2,RQW047B,
627,CR UNION,1/2,RQW049B,
692,CRAYOLA,,AMARILLO,
699,CRAYOLA,,AZUL,
693,CRAYOLA,,NEGRO,
694,CRAYOLA,,ROJA,
4054,CRISTAL CARETA,,CLEAR,
4053,CRISTAL CARETA,,OSCURO,
668,CRISTAL LAMP,GDE,G04,
550,CRUZETA TUERCA GOMA,LLCR18,15480,
551,CRUZETA TUERCA GOMA,LLCR20,15481,
553,CRUZETA TUERCA GOMA,LLCR14X,15484,
535,CRUZETA TUERCA GOMA,LCR14P,21800,
537,CRUZETA TUERCA GOMA,LCR18P,21801,
6440,CTC CAP,1,,
336,CTC CAP,1/2,,
337,CTC CAP,3/4,,
349,CTC CHECK VALVE TW,1/2,SPRING,
353,CTC CHECK VALVE TW,3/4,SPRING,
324,CTC CHECK VALVE TW,1/2,TAPITA,
363,CTC CHECK VALVE TW,1/4,TAPITA,
376,CTC COBRE,1/4,,
702,CTC COBRE,1/8,,
377,CTC COBRE,3/8,,
80,CTC COBRE,5/16,,
389,CTC COBRE,5/16,,
386,CTC COBRE,1/2,K,
385,CTC COBRE,1/4,K,
398,CTC COBRE,1/2 X 30,L X 30',
378,CTC COBRE,1/2,L X 60',
379,CTC COBRE,3/4,L X 60',
397,CTC COBRE,1/2 X 50,R ID,
3585,CTC COBRE RIGIDO,1/2 L,10 PIES,
395,CTC COBRE RIGIDO,1/2 M,10 PIES,
3586,CTC COBRE RIGIDO,3/4 L,10 PIES,
396,CTC COBRE RIGIDO,3/4 M,10 PIES,
455,CTC COBRE RIGIDO,3/4 M,20 PIES,
411,CTC COBRE VIETNAM,1/2,K X 60',
407,CTC COBRE VIETNAM,1/2,L X 30',
400,CTC COBRE VIETNAM,1/2,L X 60',
1291,CTC CODO,1,,
325,CTC CODO,1/2,,
338,CTC CODO,3/4,,
341,CTC CODO,3/4-1/2,,
1165,CTC CODO NIPLE,1/2,,
5072,CTC CURVA,1/2,,
5073,CTC CURVA,3/4,,
4178,CTC D/COUPLING MIPAD,3/4,,
2535,CTC D/COUPLING MIPAD,1/2,BZ-PJ0,
1532,CTC GRAPA,1/2,COBRE,
1533,CTC GRAPA,3/4,COBRE,
5112,CTC LLAVE BOLA,3/4,,
4936,CTC LLAVE BOLA B&K,1/2,107-843N,
4998,CTC LLAVE BOLA B&K,3/4,107-844N,
5119,CTC LLAVE BOLA BUGAT,3/4,90760134,
5113,CTC LLAVE BOLA BUGAT,1/2,92760112,
5121,CTC LLAVE BOLA SWD,1/2 LF,135GR,
5120,CTC LLAVE BOLA USA,1/2,64203,
1842,CTC LLAVE CUNA,1/2,,
1844,CTC LLAVE CUNA,3/4,,
330,CTC LLAVE CUNA,1/2,TW,
331,CTC LLAVE CUNA,3/4,TW,
2232,CTC LLAVE CUNA WATTS,3/4,,
329,CTC LLAVE PASO,3/4,,
369,CTC LLAVE PASO,3/4,,
328,CTC LLAVE PASO B&K,1/2,105-503N,
2208,CTC LLAVE PASO LF,1/2,800SWBCL,
2207,CTC LLAVE PASO LF,3/4,825SWBCL,
4872,CTC LLAVE PASO SWD,1/2,200GR,
327,CTC LLAVE PASO TW,1/2,R204A,
6041,CTC RED BUSH,1 3/4,,
3538,CTC RED BUSH,3/4-1/2,,
3540,CTC RED BUSH FLUSH,3/4-1/2,,
6343,CTC RED COPA,1 1/2,,
6426,CTC RED COPA,1 3/4,,
339,CTC RED COPA,3/4-1/2,,
1279,CTC TEE,1,,
333,CTC TEE,1/2,,
334,CTC TEE,3/4,,
3587,CTC TEE 1/2 X 1/2,3/4,,
352,CTC TEE 3/4 X 1/2,1/2,,
430,CTC TEE 3/4 X 1/2,3/4,,
